species,gene,group,sample,CPM,log2_CPM_plus_half
human,ENSG00000096433,HAL,PEN1B.HAL.PA.8e,13.2956377643573,3.786140248077814
human,ENSG00000096433,HAL,PEN1B.HAL.PA.9e,14.2368883983291,3.8813600354541076
human,ENSG00000096433,HAL,PEN1B.HAL.PA.9f,16.3336950804016,4.073279985105519
human,ENSG00000096433,HAL,PEN1B.HAL.PB.8e,13.8675222086228,3.8447393741108122
human,ENSG00000096433,HAL,PEN1B.HAL.PB.9e,16.1578933384661,4.058134054875201
human,ENSG00000096433,DMSO,PEN1B.DMSO.PC.1f,5.8903049772827,2.6758847854311
human,ENSG00000096433,DMSO,PEN1B.DMSO.PC.2f,11.6564468105298,3.603649702129791
human,ENSG00000096433,DMSO,PEN1B.DMSO.PC.2g,9.96600188869621,3.3876385193016065
human,ENSG00000096433,DMSO,PEN1B.DMSO.PD.1f,8.46021573693765,3.163533468763139
human,ENSG00000096433,DMSO,PEN1B.DMSO.PD.3f,15.034085559553,3.957365412141933
rat,ENSRNOG00000052795,HAL,P23H.F.HAL.30718R,17.532971880322,4.172565271118866
rat,ENSRNOG00000052795,HAL,P23H.F.HAL.30722R,24.0594975593226,4.618209141096746
rat,ENSRNOG00000052795,HAL,P23H.F.HAL.30724R,17.6232822487441,4.17977235574415
rat,ENSRNOG00000052795,HAL,P23H.F.HAL.30725R,17.1199756983003,4.1391400293632925
rat,ENSRNOG00000052795,DMSO,P23H.F.DMSO.30948R,40.3808033231424,5.353351640940949
rat,ENSRNOG00000052795,DMSO,P23H.F.DMSO.31102R,23.6729851566487,4.595323739474678
rat,ENSRNOG00000052795,DMSO,P23H.F.DMSO.31103R,96.4730723374072,6.599512287563058
rat,ENSRNOG00000052795,DMSO,P23H.F.DMSO.31502R,27.3409344489251,4.799135729285419
rat,ENSRNOG00000052795,DMSO,P23H.F.DMSO.31503R,29.1173454567236,4.888370435445266
mouse,ENSMUSG00000042644,HAL,rd10.F.HAL.set2_F1,12.8538026230618,3.739178716520069
mouse,ENSMUSG00000042644,HAL,rd10.F.HAL.last_rd10_F1_F,14.7605613315668,3.9317361249086575
mouse,ENSMUSG00000042644,HAL,rd10.F.HAL.last_rd10_F2_F,15.3654110140169,3.987812991510266
mouse,ENSMUSG00000042644,DMSO,rd10.F.DMSO.set2_F4,12.3126142184779,3.6794929605159563
mouse,ENSMUSG00000042644,DMSO,rd10.F.DMSO.set2_F5,9.41748437982024,3.3099742201070192
mouse,ENSMUSG00000042644,DMSO,rd10.F.DMSO.final_rd10_F1_F,13.8532562852839,3.843306169328308
